{"accuracy": 0.9161800068704913, "pr": {"class_None": {"precision": 0.9363560732113144, "recall": 0.9625828522557195}, "class_True": {"precision": 0.9459459459459459, "recall": 0.6481481481481481}, "class_Unknown": {"precision": 0.8157625383828045, "recall": 0.7305224564619615}}, "confusion": {"ground_class_None": {"pred_class_None": 0.9625828522557195, "pred_class_True": 0.25925925925925924, "pred_class_Unknown": 0.2676443629697525}, "ground_class_True": {"pred_class_None": 0.0, "pred_class_True": 0.6481481481481481, "pred_class_Unknown": 0.0018331805682859762}, "ground_class_Unknown": {"pred_class_None": 0.037417147744280524, "pred_class_True": 0.09259259259259259, "pred_class_Unknown": 0.7305224564619615}}, "sign": {"author": "Elena Urman", "date_created": "2022-07-20T17:16:16.504770"}}